0,00006932569389245767; 0,18162990790261802
0,00007012241623255248; 0,2416231001117275
0,00007330930559293; 0,4815958689481654
0,00007410602793302482; 0,5415890611572749
0,00007649619495330752; 0,7215686377846033
0,00007729291729340233; 0,7815618299937128
0,0000027993784945737343; 0,8413160055007953
0,00008366669601415737; 1,2615073676665887
0,00008446341835425218; 1,3215005598756981
0,000085260140694347; 1,3814937520848076
0,0000876503077146297; 1,561473328712136
0,00008844703005472451; 1,6214665209212455
0,00009163391941510203; 1,8614392897576852
0,00009243064175519511; 1,9214324819667947
0,00009880442047595188; 2,4013780196396706
0,00009960114281604496; 2,46137121184878
0,0001019913098363294; 2,6413507884761085
0,00010278803217642248; 2,701343980685218
0,00010358475451651729; 2,7613371728943275
0,00010597492153680173; 2,941316749521656
0,0001067716438768948; 3,0013099417307654
0,00018763896139647844; 3,4215013038965605
0,0002637259448754932; 3,4817335128076987
0,000264522667215588; 3,541726705016808
0,00019002912841676114; 3,6014808805238907
0,00019082585075685596; 3,661474072733
0,00019162257309695077; 3,7214672649421097
0,0002677095565759655; 3,781699473853248
0,00034379654005498375; 3,841931682764386
0,00042227369055428295; 4,082143468302851
0,00042307041289437776; 4,1421366605119605
0,0005744476575123177; 4,2026078861251275
0,0004999541187134873; 4,262362061632208
0,0009532891302272122; 4,383782546262598
0,000954085852567307; 4,443775738471707
0,0010301728360463235; 4,504007947382846
0,0011815500806642617; 4,564479172996011
0,0012576370641432782; 4,624711381907149
0,001409014308761218; 4,685182607520314
0,001560391553379158; 4,745653833133481
0,0021635103648306297; 4,807559158958817
0,0023901778705874913; 4,868269401274011
0,002541555115205431; 4,928740626887178
0,0030701803878580743; 5,050400128219595
0,003221557632476014; 5,110871353832762
0,003372934877093954; 5,171342579445927
0,0036748926439897373; 5,23229183846315
0,0038262698886076772; 5,292763064076318
0,003977647133225615; 5,353234289689484
0,004580765944677089; 5,4151396155148195
0,004732143189295027; 5,4756108411279865
0,004883520433912967; 5,536082066741152
0,005486639245364439; 5,597987392566488
0,0056380164899823785; 5,658458618179655
0,005939974256878162; 5,719407877196877
0,006166641762635025; 5,780118119512071
0,006543889790669728; 5,841306395231323
0,007222298863260123; 5,903450737758687
0,007569430786839261; 5,964543406797127
0,008202665702746305; 6,026544339303275
0,00850462346964209; 6,087493598320497
0,008806581236537872; 6,14844285733772
0,0092591195257115; 6,209870149759
0,00978694807602405; 6,2715364588823075
0,01033628812951915; 6,333271058491908
0,011068475960065919; 6,395586127235008
0,013049406550359672; 6,461865458707463
0,014670312801025485; 6,5270018557684
0,017425364167211244; 6,595738713513526
0,01927830131356883; 6,6616117165925335
0,02010729090843707; 6,724234092523954
0,0205598291976107; 6,785661384945234
0,02127588340077055; 6,847925235823613
0,021690776559374722; 6,909233019893877
0,022143314848548347; 6,970660312315157
0,022520562876583057; 7,031848588034409
0,023198971949173454; 7,093992930561775
0,02327505893265247; 7,154225139472912
0,02410404852752071; 7,216847515404334
0,024406006294416492; 7,277796774421557
0,024783254322451202; 7,338985050140808
0,025235792611624827; 7,4004123425620865
0,02576362116193738; 7,462078651685394
0,026291449712249927; 7,523744960808703
0,026894568523701402; 7,5856502866340385
0,027271816551736112; 7,64683856235329
0,027980341728782075; 7,709078511561465
0,028402763913500134; 7,770410197301933
0,028855302202673766; 7,831837489723213
0,02930784049184739; 7,893264782144492
0,02945921773646533; 7,953736007757659
0,02991175602563896; 8,015163300178937
0,03033417821035702; 8,076494985919405
0,031117993648541897; 8,13897395182961
0,031871692982271216; 8,201357311059002
0,03222384425659295; 8,262465914544244
0,032475608516062786; 8,323255829093448
0,0325516954995418; 8,383488038004586
0,032329011605485417; 8,622743756734941
0,03202944400560992; 8,741774074345045
0,032105530989088936; 8,802006283256183
0,03218161797256795; 8,862238492167322
0,031429512083518824; 8,919841517356147
0,03150559906699784; 8,980073726267285
0,030828783439087633; 9,03791576815814
0,030829580161427728; 9,09790896036725
0,030077474272378592; 9,155511985556075
0,029626529427885157; 9,214071077553015
0,029702616411364173; 9,274303286464153
0,028950510522315044; 9,331906311652979
0,02902659750579406; 9,392138520564117
0,028349781877883853; 9,449980562454972
0,02782354677225149; 9,508300637749883
0,026167957749535294; 9,563035462514371
0,025591529136476984; 9,621196193341262
0,02436258492688135; 9,677285446083909
0,023700827351198925; 9,73517529131517
0,023184630947051754; 9,793527235503685
0,022783879609984264; 9,852245671968642
0,021918838329226753; 9,909490172104427
0,02114414536183594; 9,967021492282644
0,020495294688063048; 10,02495231180568
0,01985074631492667; 10,082896789425977
0,01887276964246077; 10,139782764508718
0,01809556699969867; 10,197306117463533
0,01721797734208467; 10,254510781482313
0,016591355221600414; 10,312512167841188
0,0157288236162142; 10,369764635200372
0,015252064967901694; 10,428241778613758
0,014510714830443841; 10,48587894904573
0,013758608941394716; 10,543481974234558
0,013167839326214707; 10,601597178070588
0,01263084846899107; 10,65988310812235
0,012255193885636553; 10,71868121682132
0,01135250747430958; 10,775806208606088
0,01127801393551075; 10,83556038411317
0,010375327524183778; 10,89268537589794
0,010150253463107101; 10,951961518000966
0,009699308618613662; 11,010520609997904
0,008721331946147768; 11,067406585080647
0,008044516318237561; 11,125248626971501
0,007242216921762487; 11,182692307692308
0,006741078569843097; 11,241092055221229
0,006089359695645865; 11,299013769346093
0,005713705112291348; 11,35781187804506
0,0051874700066589854; 11,41613195333997
0,0049623959455823135; 11,475408095442997
0,00466203162336672; 11,534445220843992
0,0044369575622900444; 11,593721362947017
0,004061302978935529; 11,652519471645984
0,0036103581344420887; 11,711078563642925
0,003535864595643262; 11,770832739150006
0,0034613710568444332; 11,830586914657086
0,002784555428934226; 11,888428956547942
0,0026347716289964775; 11,947944115352996
0,0022591170456419604; 12,006742224051962
0,002034042984565285; 12,066018366154987
0,0018842591846275365; 12,12553352496004
0,0012827338178562527; 12,183614583552924
0,001208240279057424; 12,243368759060004
0,0010584564791196755; 12,302883917865056
0,0010592532014597686; 12,362877110074166
0,0006843953404453464; 12,481668410982245
0,0006099018016465178; 12,541422586489325
0,0005354082628476892; 12,601176761996406
0,000536204985187784; 12,661169954205516
0,0004617114463889571; 12,720924129712596
0,00031192764645120684; 12,78043928851765
0,0003127243687912999; 12,84043248072676
0,00023823082999247305; 12,900186656233842
0,00023902755233256787; 12,960179848442952
0,00016612745821392716; 13,139920408368251
0,00024221444169294538; 13,20015261727939
0,0002430111640330402; 13,260145809488499
0,00009880442047595014; 13,739613313757317
0,00009960114281604496; 13,799606505966427
0,00010199130983632766; 13,979586082593755
0,00010278803217642248; 14,039579274802865
0,00010597492153679999; 14,279552043639303
0,0001067716438768948; 14,339545235848414
0,00011314542259764984; 14,81949077352129
0,00011394214493774465; 14,8794839657304
